City_ID,City,Country,Date,Lat,Lng,Max Temp,Humidity,Cloudiness,Wind Speed
0,Carnarvon,AU,2021-11-29 02:59:07,-24.8667,113.6333,84.27,58,0,20.71
1,Hithadhoo,MV,2021-11-29 02:59:08,-0.6,73.0833,81.79,75,39,17.78
2,Albany,US,2021-11-29 02:58:19,42.6001,-73.9662,27.21,96,92,1.59
3,Pangai,TO,2021-11-29 02:59:08,-19.8,-174.35,82.51,54,20,18.41
4,Kapaa,US,2021-11-29 02:59:09,22.0752,-159.319,80.58,72,84,16.08
5,Alta Floresta,BR,2021-11-29 02:59:09,-9.8756,-56.0861,72.21,94,90,2.04
6,San Cristobal,VE,2021-11-29 02:59:10,7.7669,-72.225,66.22,94,35,1.36
7,San Juan,AR,2021-11-29 02:56:38,-31.5375,-68.5364,71.6,23,0,6.26
8,Cidreira,BR,2021-11-29 02:59:10,-30.1811,-50.2056,70.65,90,100,12.44
9,Airai,TL,2021-11-29 02:59:10,-8.9266,125.4092,73.87,63,100,0.92
10,Qaanaaq,GL,2021-11-29 02:59:11,77.484,-69.3632,-7.1,65,9,8.25
11,Punta Arenas,CL,2021-11-29 02:59:11,-53.15,-70.9167,42.91,75,75,24.16
12,Barrow,US,2021-11-29 02:59:12,71.2906,-156.7887,-16.58,76,75,10.36
13,Kavieng,PG,2021-11-29 02:59:12,-2.5744,150.7967,83.73,74,98,9.15
14,Namibe,AO,2021-11-29 02:59:12,-15.1961,12.1522,70.38,73,95,4.05
15,Tuktoyaktuk,CA,2021-11-29 02:59:13,69.4541,-133.0374,-11.2,70,90,21.85
16,Busselton,AU,2021-11-29 02:59:13,-33.65,115.3333,72.05,53,92,9.31
17,Avarua,CK,2021-11-29 02:59:14,-21.2078,-159.775,78.85,57,21,9.22
18,Labuhan,ID,2021-11-29 02:59:14,-6.8844,112.2051,76.78,84,100,7.34
19,Bredasdorp,ZA,2021-11-29 02:59:15,-34.5322,20.0403,62.69,79,99,4.05
20,Kaseda,JP,2021-11-29 02:58:09,31.4167,130.3167,63.63,58,0,9.66
21,Yellowknife,CA,2021-11-29 02:57:44,62.456,-114.3525,18.12,100,90,9.22
22,Faanui,PF,2021-11-29 02:59:16,-16.4833,-151.75,80.49,74,90,5.21
23,Kruisfontein,ZA,2021-11-29 02:59:16,-34.0033,24.7314,58.21,87,15,6.08
24,Yangjiang,CN,2021-11-29 02:59:17,21.85,111.9667,75.11,45,30,8.23
25,Katangli,RU,2021-11-29 02:59:17,51.7102,143.2326,24.76,93,100,12.21
26,Ushuaia,AR,2021-11-29 02:59:18,-54.8,-68.3,38.86,93,75,16.11
27,Gat,IL,2021-11-29 02:59:18,31.61,34.7642,57.88,32,18,2.98
28,New Norfolk,AU,2021-11-29 02:59:18,-42.7826,147.0587,63.9,44,31,6.85
29,Balkanabat,TM,2021-11-29 02:59:19,39.5108,54.3671,53.17,38,100,1.99
30,Mar Del Plata,AR,2021-11-29 02:55:21,-38.0023,-57.5575,62.62,100,90,11.5
31,Ostrovnoy,RU,2021-11-29 02:59:19,68.0531,39.5131,17.33,78,98,10.2
32,Bluff,NZ,2021-11-29 02:59:20,-46.6,168.3333,58.46,68,78,18.66
33,Saskylakh,RU,2021-11-29 02:59:20,71.9167,114.0833,-20.42,99,97,4.32
34,Kodiak,US,2021-11-29 02:59:21,57.79,-152.4072,14.2,62,87,0.36
35,Thompson,CA,2021-11-29 02:56:21,55.7435,-97.8558,-5.64,77,90,0.0
36,Jiayuguan,CN,2021-11-29 02:59:21,39.8167,98.3,28.35,23,0,0.94
37,Souillac,MU,2021-11-29 02:59:22,-20.5167,57.5167,73.78,83,75,4.61
38,Maragogi,BR,2021-11-29 02:59:22,-9.0122,-35.2225,78.37,86,70,7.83
39,Prachuap Khiri Khan,TH,2021-11-29 02:58:47,12.2167,99.75,75.51,79,98,8.68
40,East London,ZA,2021-11-29 02:59:22,-33.0153,27.9116,65.23,76,2,7.07
41,Rikitea,PF,2021-11-29 02:59:23,-23.1203,-134.9692,76.69,74,0,17.52
42,Bethel,US,2021-11-29 02:55:00,41.3712,-73.414,33.67,95,100,2.62
43,Hun,LY,2021-11-29 02:59:23,29.1268,15.9477,67.08,37,98,10.83
44,Olonets,RU,2021-11-29 02:59:24,60.9847,32.9698,15.58,93,52,7.34
45,Kaitangata,NZ,2021-11-29 03:00:24,-46.2817,169.8464,69.78,37,8,3.8
46,Katsuura,JP,2021-11-29 03:00:25,35.1333,140.3,51.91,47,92,10.2
47,Bandarbeyla,SO,2021-11-29 03:00:25,9.4942,50.8122,76.41,77,21,15.26
48,Barentu,ER,2021-11-29 03:00:26,15.1139,37.5928,69.69,51,4,7.78
49,Atuona,PF,2021-11-29 03:00:26,-9.8,-139.0333,78.49,75,9,16.8
50,Skibbereen,IE,2021-11-29 03:00:26,51.55,-9.2667,44.4,88,100,9.4
51,Laguna,US,2021-11-29 03:00:27,38.421,-121.4238,61.3,87,1,0.0
52,Klaksvik,FO,2021-11-29 03:00:27,62.2266,-6.589,40.12,97,100,16.91
53,Cockburn Town,TC,2021-11-29 03:00:28,21.4612,-71.1419,79.54,74,26,16.58
54,Cabo San Lucas,MX,2021-11-29 02:55:34,22.8909,-109.9124,74.86,73,100,4.81
55,Georgetown,MY,2021-11-29 03:00:28,5.4112,100.3354,82.33,83,20,6.91
56,Hermanus,ZA,2021-11-29 03:00:29,-34.4187,19.2345,61.25,90,100,5.53
57,Hobart,AU,2021-11-29 03:00:29,-42.8794,147.3294,64.26,63,20,17.27
58,Maniitsoq,GL,2021-11-29 03:00:29,65.4167,-52.9,35.26,92,100,24.81
59,Butaritari,KI,2021-11-29 03:00:30,3.0707,172.7902,81.68,78,99,12.24
60,Pueblo Nuevo,MX,2021-11-29 03:00:30,23.3833,-105.3833,51.89,73,86,7.07
61,Qasigiannguit,GL,2021-11-29 03:00:31,68.8193,-51.1922,21.45,95,100,6.69
62,Laje,BR,2021-11-29 03:00:31,-10.1833,-40.9667,67.91,87,76,0.56
63,Mataura,NZ,2021-11-29 03:00:32,-46.1927,168.8643,69.35,33,5,7.76
64,Lata,PT,2021-11-29 03:00:32,40.1629,-8.3327,48.58,94,52,5.68
65,Menongue,AO,2021-11-29 03:00:32,-14.6585,17.691,63.46,96,100,6.2
66,Talnakh,RU,2021-11-29 03:00:33,69.4865,88.3972,-18.53,99,98,5.35
67,Arraial Do Cabo,BR,2021-11-29 03:00:33,-22.9661,-42.0278,72.77,86,1,4.7
68,Sampit,ID,2021-11-29 03:00:34,-2.5333,112.95,83.14,69,100,4.05
69,Yagodnoye,RU,2021-11-29 03:00:34,62.55,149.6667,-14.35,99,100,3.22
70,Hanchuan,CN,2021-11-29 03:00:34,30.65,113.7667,60.93,43,8,8.81
71,Cape Town,ZA,2021-11-29 02:58:46,-33.9258,18.4232,61.21,100,75,5.75
72,Djougou,BJ,2021-11-29 03:00:35,9.7085,1.666,72.91,22,99,4.12
73,Lebu,CL,2021-11-29 03:00:35,-37.6167,-73.65,53.22,79,7,18.3
74,Avera,US,2021-11-29 03:00:36,33.194,-82.5271,49.51,59,54,9.8
75,Tiksi,RU,2021-11-29 03:00:36,71.6872,128.8694,-16.82,99,99,6.46
76,Prince Rupert,CA,2021-11-29 03:00:21,54.3161,-130.3201,38.37,86,100,1.72
77,Saldanha,ZA,2021-11-29 03:00:37,-33.0117,17.9442,61.3,88,90,3.42
78,Hilo,US,2021-11-29 03:00:37,19.7297,-155.09,75.0,79,34,14.92
79,Celestun,MX,2021-11-29 03:00:38,20.8667,-90.4,76.06,79,82,11.52
80,Macomb,US,2021-11-29 03:00:38,40.4592,-90.6718,33.84,50,1,3.44
81,Vaini,TO,2021-11-29 03:00:39,-21.2,-175.2,77.68,64,43,19.3
82,Caravelas,BR,2021-11-29 03:00:39,-17.7125,-39.2481,74.01,93,74,10.47
83,Vao,NC,2021-11-29 03:00:40,-22.6667,167.4833,75.83,90,33,19.95
84,Vardo,NO,2021-11-29 03:00:40,70.3705,31.1107,22.41,81,100,24.07
85,Bridgewater,CA,2021-11-29 03:00:41,44.3835,-64.5155,29.66,83,70,3.4
86,Kutum,SD,2021-11-29 03:00:41,14.2,24.6667,63.41,27,3,5.41
87,Kirakira,SB,2021-11-29 03:00:42,-10.4544,161.9205,85.84,69,54,7.38
88,Pietermaritzburg,ZA,2021-11-29 03:00:42,-29.6168,30.3928,60.55,72,3,3.0
89,Severo-Kurilsk,RU,2021-11-29 03:00:43,50.6789,156.125,33.96,66,89,15.26
90,Dogondoutchi,NE,2021-11-29 03:00:43,13.6393,4.0287,74.88,14,75,9.57
91,Castelo Do Piaui,BR,2021-11-29 03:00:43,-5.3222,-41.5525,78.6,60,63,0.18
92,Geraldton,AU,2021-11-29 03:01:44,-28.7667,114.6,77.41,61,0,19.57
93,Hasaki,JP,2021-11-29 03:01:44,35.7333,140.8333,52.2,48,100,10.27
94,Iqaluit,CA,2021-11-29 03:01:45,63.7506,-68.5145,19.74,92,100,11.41
95,Wageningen,NL,2021-11-29 03:01:45,51.9667,5.6667,33.89,100,69,6.91
96,Khatanga,RU,2021-11-29 03:01:46,71.9667,102.5,-7.6,98,100,8.57
97,Tres Picos,MX,2021-11-29 03:01:46,15.8667,-93.5333,76.91,72,90,7.54
98,Puerto Ayora,EC,2021-11-29 03:01:46,-0.7393,-90.3518,69.64,81,78,10.4
99,Saint George,US,2021-11-29 02:59:13,37.1041,-113.5841,46.87,30,0,2.64
100,Esperance,AU,2021-11-29 03:01:47,-33.8667,121.9,68.31,70,36,17.47
101,Tucumcari,US,2021-11-29 03:01:47,35.1717,-103.725,51.64,35,1,10.36
102,Beloha,MG,2021-11-29 03:01:48,-25.1667,45.05,64.89,67,0,12.12
103,Mahebourg,MU,2021-11-29 03:01:48,-20.4081,57.7,77.22,66,0,6.67
104,San Jeronimo,PE,2021-11-29 03:01:49,-11.9472,-75.2829,53.87,75,100,2.1
105,Port Elizabeth,ZA,2021-11-29 03:01:49,-33.918,25.5701,62.4,85,0,9.84
106,Itarema,BR,2021-11-29 03:01:49,-2.9248,-39.9167,80.08,80,38,12.68
107,La Libertad,EC,2021-11-29 03:01:50,-2.2333,-80.9,71.19,82,15,12.17
108,Fortuna,US,2021-11-29 03:01:50,40.5982,-124.1573,52.14,97,40,3.94
109,Pierre,US,2021-11-29 03:01:01,44.3683,-100.351,49.46,44,91,7.45
110,Koumac,NC,2021-11-29 03:01:51,-20.5667,164.2833,82.02,72,72,5.39
111,Taoudenni,ML,2021-11-29 03:01:51,22.6783,-3.9836,63.36,31,0,11.95
112,Luderitz,NA,2021-11-29 03:01:52,-26.6481,15.1594,58.8,82,66,4.14
113,Moose Factory,CA,2021-11-29 03:01:52,51.2585,-80.6094,19.51,97,99,0.63
114,Urumita,CO,2021-11-29 03:01:52,10.5589,-73.0123,73.06,84,30,4.38
115,Mackay,AU,2021-11-29 03:00:04,-21.15,149.2,80.4,74,99,10.38
116,Calvinia,ZA,2021-11-29 03:01:53,-31.4707,19.776,49.82,100,75,5.75
117,Port Alfred,ZA,2021-11-29 03:01:53,-33.5906,26.891,63.25,83,19,9.98
118,Kahului,US,2021-11-29 03:01:54,20.8947,-156.47,75.51,75,13,17.56
119,Grand Gaube,MU,2021-11-29 03:01:54,-20.0064,57.6608,77.27,66,1,8.43
120,Tasiilaq,GL,2021-11-29 03:01:55,65.6145,-37.6368,28.56,92,100,8.41
121,Natal,BR,2021-11-29 03:01:55,-5.795,-35.2094,79.65,78,27,9.53
122,Ipora,BR,2021-11-29 03:01:55,-16.4419,-51.1178,72.55,87,82,1.86
123,Vytegra,RU,2021-11-29 03:01:56,61.0064,36.4481,-4.77,99,67,4.16
124,Jamestown,US,2021-11-29 02:57:45,42.097,-79.2353,33.39,93,90,8.05
125,Pilot Butte,CA,2021-11-29 03:01:57,50.4668,-104.4178,24.76,94,66,4.47
126,Cumanayagua,CU,2021-11-29 03:01:57,22.1494,-80.2022,65.95,92,3,3.71
127,Shieli,KZ,2021-11-29 03:01:57,44.1667,66.75,34.97,35,0,7.05
128,Gigmoto,PH,2021-11-29 03:01:58,13.7796,124.39,83.82,77,65,8.3
129,San Patricio,US,2021-11-29 03:01:58,28.017,-97.5169,57.04,82,61,6.58
130,Lorengau,PG,2021-11-29 03:01:59,-2.0226,147.2712,84.81,71,77,5.26
131,Careiro Da Varzea,BR,2021-11-29 03:01:59,-3.2003,-59.8119,79.41,79,77,1.07
132,Ribeira Grande,PT,2021-11-29 03:02:00,38.5167,-28.7,61.99,64,84,7.52
133,Oranjemund,NA,2021-11-29 03:02:00,-28.55,16.4333,59.79,94,1,3.36
134,Gerash,IR,2021-11-29 03:02:01,27.6652,54.1371,59.22,53,10,4.38
135,Pochutla,MX,2021-11-29 03:02:01,15.7432,-96.4661,74.34,76,5,3.8
136,Dolny Kubin,SK,2021-11-29 03:02:01,49.2098,19.3034,35.87,96,100,3.09
137,Dunedin,NZ,2021-11-29 03:02:02,-45.8742,170.5036,64.9,54,19,7.29
138,Dudinka,RU,2021-11-29 03:03:02,69.4058,86.1778,-25.67,100,99,3.85
139,Cherskiy,RU,2021-11-29 03:03:03,68.75,161.3,-18.89,97,100,5.19
140,Codrington,AU,2021-11-29 03:03:03,-38.2667,141.9667,75.43,44,1,9.95
141,Ketchikan,US,2021-11-29 03:03:03,55.3422,-131.6461,34.27,86,90,0.0
142,Hofn,IS,2021-11-29 03:03:04,64.2539,-15.2082,34.75,82,81,4.97
143,Touros,BR,2021-11-29 02:59:01,-5.1989,-35.4608,81.5,80,28,11.59
144,Kawalu,ID,2021-11-29 03:03:04,-7.3817,108.2082,82.89,62,74,3.76
145,Bathsheba,BB,2021-11-29 03:03:05,13.2167,-59.5167,81.21,78,75,19.57
146,Broome,US,2021-11-29 03:03:05,42.2506,-75.833,32.77,100,90,6.91
147,Chuy,UY,2021-11-29 03:03:06,-33.6971,-53.4616,64.4,97,100,6.44
148,San Quintin,MX,2021-11-29 03:03:06,30.4833,-115.95,64.04,60,0,7.49
149,Harper,LR,2021-11-29 03:03:07,4.375,-7.7169,78.87,84,17,6.67
150,Castro,BR,2021-11-29 03:01:04,-24.7911,-50.0119,66.0,70,100,1.59
151,Luwuk,ID,2021-11-29 03:03:07,-0.9516,122.7875,79.27,86,100,1.61
152,Yulara,AU,2021-11-29 03:03:08,-25.2406,130.9889,86.47,15,0,3.24
153,Beira,MZ,2021-11-29 03:03:08,-19.8436,34.8389,68.09,88,0,3.44
154,Coronel Fabriciano,BR,2021-11-29 03:01:16,-19.5186,-42.6289,70.29,87,9,1.79
155,Provideniya,RU,2021-11-29 03:03:09,64.3833,-173.3,-2.09,55,0,13.42
156,Fort Nelson,CA,2021-11-29 03:03:09,58.8053,-122.7002,-3.28,100,80,2.73
157,Almenara,BR,2021-11-29 03:03:09,-16.1836,-40.6944,69.42,98,57,1.39
158,Nishihara,JP,2021-11-29 03:03:10,26.1842,127.7558,69.85,83,90,16.11
159,Clyde River,CA,2021-11-29 03:03:10,70.4692,-68.5914,-1.97,84,94,20.71
160,Picui,BR,2021-11-29 03:03:11,-6.5106,-36.3469,73.47,86,53,13.56
161,Nicolas Bravo,MX,2021-11-29 03:03:11,18.45,-88.9167,71.67,83,99,2.01
162,Grindavik,IS,2021-11-29 03:03:11,63.8424,-22.4338,39.67,100,90,11.5
163,Januaria,BR,2021-11-29 03:03:12,-15.4833,-44.3667,68.74,97,34,1.32
164,Gurupi,BR,2021-11-29 03:03:12,-11.7292,-49.0686,73.26,94,78,3.4
165,Maryville,US,2021-11-29 03:03:13,35.7565,-83.9705,44.8,57,20,4.61
166,Ponta Do Sol,PT,2021-11-29 03:03:13,32.6667,-17.1,63.23,76,5,7.07
167,Isla Mujeres,MX,2021-11-29 03:00:02,21.2311,-86.731,75.69,74,37,3.27
168,Norman Wells,CA,2021-11-29 03:03:14,65.282,-126.8329,-13.72,96,100,9.78
169,Atar,MR,2021-11-29 03:02:19,20.5169,-13.0499,63.3,41,87,9.57
170,Pacific Grove,US,2021-11-29 03:03:14,36.6177,-121.9166,59.4,62,1,5.75
171,Mfou,CM,2021-11-29 03:03:14,3.7159,11.6427,66.27,97,95,2.46
172,Boras,SE,2021-11-29 03:03:15,57.721,12.9401,25.75,84,58,7.65
173,Luganville,VU,2021-11-29 03:01:15,-15.5333,167.1667,85.28,68,87,6.29
174,Isangel,VU,2021-11-29 03:03:15,-19.55,169.2667,83.79,69,71,8.14
175,Marawi,PH,2021-11-29 03:03:16,7.9986,124.2928,81.41,62,73,4.07
176,Marystown,CA,2021-11-29 03:03:16,47.1666,-55.1483,44.1,82,67,17.4
177,Port Pirie,AU,2021-11-29 03:03:17,-33.1833,138.0167,81.59,28,0,9.15
178,Toccoa,US,2021-11-29 03:03:17,34.5773,-83.3324,53.17,46,1,0.0
179,Saint-Philippe,RE,2021-11-29 03:03:18,-21.3585,55.7679,76.59,84,42,7.11
180,Fort Frances,CA,2021-11-29 02:58:56,48.5999,-93.4003,22.5,88,100,2.51
181,Korla,CN,2021-11-29 03:03:19,41.7597,86.1469,25.41,68,6,2.86
182,Tondano,ID,2021-11-29 03:03:19,1.3038,124.9112,80.69,80,100,2.91
183,Mahon,ES,2021-11-29 03:03:19,39.8885,4.2658,45.16,76,40,12.66
184,Khandagayty,RU,2021-11-29 03:03:20,50.7333,92.05,12.56,83,12,1.74
185,Evansville,US,2021-11-29 03:03:20,37.9748,-87.5558,35.65,44,1,3.44
186,Victoria,HK,2021-11-29 03:00:46,22.2855,114.1577,73.45,52,3,6.29
187,Nome,US,2021-11-29 03:04:21,64.5011,-165.4064,-18.33,69,1,3.44
188,Maham,IN,2021-11-29 03:04:22,28.9833,76.3,64.11,37,0,0.58
189,Vestmannaeyjar,IS,2021-11-29 03:04:22,63.4427,-20.2734,44.01,88,88,20.76
190,Tessalit,ML,2021-11-29 03:04:22,20.1986,1.0114,68.2,33,100,10.16
191,Blovice,CZ,2021-11-29 03:04:23,49.5822,13.5401,28.98,94,76,6.22
192,Aksehir,TR,2021-11-29 03:04:23,38.3575,31.4164,50.58,89,15,9.15
193,Memari,IN,2021-11-29 03:04:24,23.2,88.1167,73.26,54,77,6.11
194,Ajdabiya,LY,2021-11-29 03:04:24,30.7554,20.2263,70.3,66,100,12.73
195,Kollam,IN,2021-11-29 03:04:24,8.8833,76.6,76.87,86,100,4.61
196,Suntar,RU,2021-11-29 03:04:25,62.1444,117.6319,-6.34,100,96,1.86
197,Mehamn,NO,2021-11-29 03:04:25,71.0357,27.8492,9.68,92,77,10.45
198,Hambantota,LK,2021-11-29 03:04:26,6.1241,81.1185,77.34,100,75,2.3
199,Ternate,ID,2021-11-29 03:04:26,0.8,127.4,83.62,71,100,4.92
200,Ancud,CL,2021-11-29 03:04:26,-41.8697,-73.8203,53.13,92,97,5.77
201,San Vicente,AR,2021-11-29 03:04:27,-26.6167,-54.1333,60.39,100,74,2.17
202,San Lazaro,BZ,2021-11-29 03:04:27,18.0387,-88.6622,70.48,88,98,3.06
203,Shimoda,JP,2021-11-29 03:04:28,34.6667,138.95,57.33,59,69,4.43
204,Waipawa,NZ,2021-11-29 03:04:28,-41.4122,175.5153,66.83,81,95,6.58
205,Plettenberg Bay,ZA,2021-11-29 03:04:28,-34.0527,23.3716,60.89,85,65,3.91
206,Pakokku,MM,2021-11-29 03:04:29,21.3333,95.1,75.38,59,40,7.63
207,Dikson,RU,2021-11-29 03:04:29,73.5069,80.5464,-14.93,99,100,16.04
208,Peleduy,RU,2021-11-29 03:04:29,59.6289,112.7406,11.44,94,100,5.84
209,Nikolskoye,RU,2021-11-29 03:04:30,59.7035,30.7861,21.09,90,100,7.7
210,Ambon,ID,2021-11-29 03:04:30,-3.6954,128.1814,87.94,70,40,4.61
211,Morondava,MG,2021-11-29 03:04:31,-20.2833,44.2833,72.27,81,2,4.59
212,Pangnirtung,CA,2021-11-29 03:04:31,66.1451,-65.7125,15.55,76,100,8.79
213,Paita,PE,2021-11-29 03:04:32,-5.0892,-81.1144,66.4,85,73,13.73
214,Ambunti,PG,2021-11-29 03:04:32,-4.2365,142.8448,93.67,51,70,1.43
215,Pevek,RU,2021-11-29 03:04:32,69.7008,170.3133,3.16,94,100,2.13
216,Taihe,CN,2021-11-29 03:04:33,30.8712,105.3845,50.95,40,100,24.94
217,Maskinonge,CA,2021-11-29 03:04:33,46.2286,-73.0192,24.33,81,100,2.15
218,Aljezur,PT,2021-11-29 03:04:33,37.3191,-8.8033,55.62,88,34,11.41
219,Bagdarin,RU,2021-11-29 03:04:34,54.4333,113.6,5.86,75,100,1.48
220,Narsaq,GL,2021-11-29 03:04:34,60.9167,-46.05,35.82,99,100,3.51
221,Aanekoski,FI,2021-11-29 03:04:35,62.6946,25.818,3.27,87,100,5.19
222,Channel-Port Aux Basques,CA,2021-11-29 03:04:35,47.5702,-59.1367,39.29,67,100,23.35
223,Chumikan,RU,2021-11-29 03:04:35,54.7183,135.315,6.64,82,2,9.37
224,Upernavik,GL,2021-11-29 03:04:36,72.7868,-56.1549,-6.39,68,64,6.26
225,Cap Malheureux,MU,2021-11-29 03:04:36,-19.9842,57.6142,77.4,66,1,8.63
226,Mwense,ZM,2021-11-29 03:04:37,-10.3845,28.698,65.7,92,62,2.17
227,Seoul,KR,2021-11-29 03:00:00,37.5683,126.9778,49.57,44,75,4.61
228,Coquimbo,CL,2021-11-29 03:04:37,-29.9533,-71.3436,58.73,88,0,5.75
229,Kholmogory,RU,2021-11-29 03:04:38,64.2229,41.656,-0.29,97,100,4.63
230,Fredericksburg,US,2021-11-29 03:00:30,38.3032,-77.4605,47.21,59,1,6.91
231,Puerto Asis,CO,2021-11-29 03:04:38,0.5133,-76.5007,71.89,98,100,2.48
232,Mayo,US,2021-11-29 03:04:38,38.8876,-76.5119,46.35,70,90,0.0
233,Guasave,MX,2021-11-29 03:05:39,25.5667,-108.45,71.46,45,100,9.26
234,Nampula,MZ,2021-11-29 03:05:39,-15.1165,39.2666,65.1,85,0,1.95
235,Hit,IQ,2021-11-29 03:05:40,33.6416,42.8251,58.89,49,0,2.53
236,Vologda,RU,2021-11-29 03:03:09,59.2187,39.8886,21.13,94,100,3.96
237,Port Lincoln,AU,2021-11-29 03:05:40,-34.7333,135.8667,71.65,52,0,7.29
238,Madona,LV,2021-11-29 03:05:41,56.8533,26.217,29.77,95,100,7.76
239,Poso,ID,2021-11-29 03:05:41,-1.3959,120.7524,83.41,76,94,3.71
240,Kasiri,SL,2021-11-29 03:05:42,8.9412,-13.1148,78.51,86,96,5.1
241,Prado,BR,2021-11-29 03:05:42,-17.3411,-39.2208,73.76,94,60,11.45
242,Hervey Bay,AU,2021-11-29 03:05:43,-25.2986,152.8535,75.31,93,100,13.22
243,Plastun,RU,2021-11-29 03:05:43,44.7561,136.2939,45.14,63,64,8.95
244,Cecina,IT,2021-11-29 03:05:18,43.3128,10.524,45.45,82,83,7.07
245,Talcahuano,CL,2021-11-29 03:05:44,-36.7167,-73.1167,53.28,76,0,11.5
246,Sorland,NO,2021-11-29 03:05:44,67.667,12.6934,34.07,48,100,16.8
247,Forbes,AU,2021-11-29 03:05:45,-33.3833,148.0167,71.51,62,85,3.4
248,Wilmington,US,2021-11-29 03:01:28,34.2257,-77.9447,53.51,58,1,6.91
249,Rafaela,AR,2021-11-29 03:05:45,-31.2503,-61.4867,61.84,69,0,7.18
250,Saint-Pierre,RE,2021-11-29 03:01:54,-21.3393,55.4781,76.68,73,0,4.61
251,Gemena,CD,2021-11-29 03:05:46,3.25,19.7667,71.19,63,97,1.54
252,Sao Filipe,CV,2021-11-29 03:05:46,14.8961,-24.4956,75.16,71,99,14.45
253,Riyadh,SA,2021-11-29 03:05:47,24.6877,46.7219,53.74,37,0,7.07
254,Ugoofaaru,MV,2021-11-29 03:05:47,5.6667,73.0,80.69,77,87,11.27
255,Niquero,CU,2021-11-29 03:05:47,20.0431,-77.5828,74.08,81,19,5.82
256,Aguimes,ES,2021-11-29 03:05:48,27.9054,-15.4461,63.23,59,75,25.32
257,Bamora,IN,2021-11-29 03:05:48,24.0552,78.0909,66.16,41,87,4.07
258,Chokurdakh,RU,2021-11-29 03:05:49,70.6333,147.9167,-37.57,100,97,2.84
259,Tarut,SA,2021-11-29 03:05:49,26.5733,50.0369,69.78,47,0,16.02
260,Nkowakowa,ZA,2021-11-29 03:05:50,-23.8878,30.2871,64.45,70,59,3.44
261,Atambua,ID,2021-11-29 03:05:50,-9.1061,124.8925,84.18,63,100,3.49
262,Sayyan,YE,2021-11-29 03:05:50,15.1718,44.3244,44.76,48,0,5.59
263,Mana,GF,2021-11-29 03:05:51,5.6592,-53.7767,76.73,89,38,7.67
264,Santa Maria,BR,2021-11-29 03:02:59,-29.6842,-53.8069,67.73,94,77,10.96
265,Scarborough,GB,2021-11-29 03:05:51,54.2797,-0.4044,31.57,76,72,11.77
266,Vilhena,BR,2021-11-29 03:05:52,-12.7406,-60.1458,68.74,92,100,2.89
267,Lazaro Cardenas,MX,2021-11-29 03:05:52,17.9583,-102.2,75.83,76,3,4.61
268,Prince Albert,CA,2021-11-29 03:05:53,53.2001,-105.7677,14.23,97,98,5.03
269,Whitehorse,CA,2021-11-29 03:05:53,60.7161,-135.0538,-2.6,98,16,3.67
270,Quetta,PK,2021-11-29 03:05:54,30.199,67.0097,47.77,44,94,3.13
271,Olafsvik,IS,2021-11-29 03:05:54,64.8945,-23.7142,38.08,85,94,12.68
272,Deputatskiy,RU,2021-11-29 03:05:54,69.3,139.9,-12.5,96,100,4.9
273,Bata,GQ,2021-11-29 03:05:55,1.8639,9.7658,78.53,85,100,3.02
274,Lavrentiya,RU,2021-11-29 03:05:55,65.5833,-171.0,-12.42,91,9,7.58
275,Savantvadi,IN,2021-11-29 03:05:56,15.9,73.8167,77.16,72,91,6.02
276,Sept-Iles,CA,2021-11-29 03:05:56,50.2001,-66.3821,30.72,65,100,13.31
277,Tinton Falls,US,2021-11-29 03:05:56,40.3043,-74.1004,42.64,86,40,5.75
278,Malakal,SS,2021-11-29 03:06:57,9.5334,31.6605,79.79,45,27,1.16
279,Dingolfing,DE,2021-11-29 03:06:57,48.6333,12.5,33.13,96,100,5.37
280,Vasilyevskiy Mokh,RU,2021-11-29 03:06:58,57.0132,35.919,32.11,99,100,5.41
281,Axim,GH,2021-11-29 03:06:59,4.8699,-2.2405,77.92,87,48,5.61
282,Farafangana,MG,2021-11-29 03:06:59,-22.8167,47.8333,68.7,68,100,0.92
283,Sorong,ID,2021-11-29 03:06:59,-0.8833,131.25,84.61,70,81,7.29
284,Galesong,ID,2021-11-29 03:07:00,-5.3166,119.3661,86.02,86,100,10.36
285,Maku,IR,2021-11-29 03:07:00,39.2911,44.4521,43.05,82,47,2.66
286,Tarko-Sale,RU,2021-11-29 03:07:00,64.9225,77.785,-3.96,96,100,9.01
287,Shebunino,RU,2021-11-29 03:07:01,46.4339,141.8603,45.27,73,48,16.62
288,Miraflores,MX,2021-11-29 03:07:01,19.2167,-98.8083,59.65,66,92,2.19
289,Halifax,CA,2021-11-29 03:02:02,44.6453,-63.5724,34.0,76,74,7.54
290,Aklavik,CA,2021-11-29 03:07:02,68.2191,-135.0107,-10.55,83,100,17.65
291,Opuwo,NA,2021-11-29 03:07:03,-18.0607,13.84,66.09,27,31,2.62
292,Szydlowiec,PL,2021-11-29 03:03:02,51.2282,20.8611,34.27,95,100,12.71
293,Disraeli,CA,2021-11-29 03:07:03,45.9001,-71.3491,16.45,97,100,1.59
294,Pemangkat,ID,2021-11-29 03:07:04,1.1667,108.9667,82.72,67,100,4.52
295,Hami,CN,2021-11-29 03:07:04,42.8,93.45,26.85,49,0,4.68
296,Kavaratti,IN,2021-11-29 03:07:05,10.5669,72.642,81.72,78,100,17.98
297,Poum,NC,2021-11-29 03:07:05,-20.2333,164.0167,80.67,75,26,6.24
298,Kapit,MY,2021-11-29 03:07:06,2.0167,112.9333,84.94,61,98,0.6
299,Fushun,CN,2021-11-29 03:07:06,41.8558,123.9233,33.51,71,90,3.87
300,Henties Bay,NA,2021-11-29 03:07:06,-22.116,14.2845,57.96,93,1,0.36
301,Lahat,ID,2021-11-29 03:07:07,-3.8,103.5333,87.01,55,76,2.55
302,Havre-Saint-Pierre,CA,2021-11-29 03:07:07,50.2334,-63.5986,28.76,93,90,9.22
303,Leh,IN,2021-11-29 03:07:08,34.1667,77.5833,14.81,64,0,1.03
304,Berlevag,NO,2021-11-29 03:07:08,70.8578,29.0864,15.71,88,83,20.74
305,Honiara,SB,2021-11-29 03:07:09,-9.4333,159.95,85.53,73,98,4.65
306,Bengkulu,ID,2021-11-29 03:07:09,-3.8004,102.2655,82.69,69,100,9.48
307,Punta Alta,AR,2021-11-29 03:07:09,-38.8759,-62.0736,59.49,87,0,6.8
308,Cochrane,CA,2021-11-29 03:05:47,51.1834,-114.4687,36.23,87,20,13.8
309,Mogadishu,SO,2021-11-29 03:07:10,2.0371,45.3438,79.48,81,14,8.34
310,Chernyshevskiy,RU,2021-11-29 03:07:10,63.0128,112.4714,-9.02,100,100,2.33
311,Hammerfest,NO,2021-11-29 03:07:11,70.6634,23.6821,14.45,73,90,3.44
312,Panguna,PG,2021-11-29 03:07:11,-6.3164,155.4848,80.47,68,99,3.51
313,Ucluelet,CA,2021-11-29 03:07:11,48.9329,-125.5528,50.99,98,100,7.34
314,Phultala,BD,2021-11-29 03:07:12,22.7,89.5167,71.98,56,37,5.66
315,Bambous Virieux,MU,2021-11-29 03:07:12,-20.3428,57.7575,77.31,65,0,6.51
316,Tiznit,MA,2021-11-29 03:07:13,29.5833,-9.5,53.55,40,0,3.2
317,Nanortalik,GL,2021-11-29 03:07:13,60.1432,-45.2371,39.49,91,100,12.59
318,Vilyuysk,RU,2021-11-29 03:07:14,63.7553,121.6247,-18.09,100,84,3.22
319,Fairlie,GB,2021-11-29 03:07:14,55.756,-4.8556,30.11,68,100,3.71
320,Levokumskoye,RU,2021-11-29 03:07:14,44.8219,44.6606,43.57,93,84,6.91
321,Warwick,US,2021-11-29 03:06:15,41.7001,-71.4162,37.53,69,90,0.0
322,Saint Anthony,US,2021-11-29 03:08:15,45.0205,-93.218,33.42,53,90,3.44
323,Adrar,MR,2021-11-29 03:08:15,20.5022,-10.0711,57.6,46,100,9.57
324,Vestmanna,FO,2021-11-29 03:08:16,62.1564,-7.1664,38.32,93,90,19.57
325,Elizabethtown,US,2021-11-29 03:07:41,37.694,-85.8591,34.86,47,1,4.61
326,Kalanwali,IN,2021-11-29 03:08:16,29.85,74.95,62.31,34,0,1.39
327,Ampanihy,MG,2021-11-29 03:08:17,-24.7,44.75,61.02,70,0,6.98
328,Burntwood,GB,2021-11-29 03:08:17,52.6808,-1.9276,27.52,92,72,5.91
329,Carutapera,BR,2021-11-29 03:08:18,-1.195,-46.02,79.11,82,13,6.78
330,Portland,US,2021-11-29 03:05:52,45.5234,-122.6762,60.78,67,90,6.91
331,Aloleng,PH,2021-11-29 03:08:18,16.1307,119.7824,86.36,60,26,3.89
332,Husavik,IS,2021-11-29 03:08:19,66.0449,-17.3389,30.33,94,100,10.83
333,Tela,HN,2021-11-29 03:08:19,15.7833,-87.45,71.82,88,69,2.75
334,Mount Gambier,AU,2021-11-29 03:08:20,-37.8333,140.7667,77.97,29,2,9.33
335,Barcelos,PT,2021-11-29 03:08:20,41.5388,-8.6151,51.94,90,99,7.81
336,Zherdevka,RU,2021-11-29 03:08:21,51.8486,41.4606,41.13,98,100,11.59
337,Zyryanka,RU,2021-11-29 03:08:21,65.75,150.85,-19.44,96,100,2.01
338,Sidi Ali,DZ,2021-11-29 03:08:22,36.0998,0.4206,52.54,60,4,29.64
339,Port Hedland,AU,2021-11-29 03:08:22,-20.3167,118.5667,96.85,30,0,8.05
340,Ranapur,IN,2021-11-29 03:08:22,22.65,74.5333,68.67,39,100,5.68
341,Camacha,PT,2021-11-29 03:08:23,33.0833,-16.3333,60.22,59,40,9.22
342,Macusani,PE,2021-11-29 03:08:23,-14.0833,-70.4333,40.5,89,98,4.14
343,Esmeraldas,BR,2021-11-29 03:08:24,-19.7625,-44.3139,70.66,89,69,0.92
344,Kununurra,AU,2021-11-29 03:08:24,-15.7667,128.7333,98.58,25,95,9.22
345,Imbituba,BR,2021-11-29 03:08:24,-28.24,-48.6703,73.29,94,92,8.14
346,Tura,IN,2021-11-29 03:08:25,25.5198,90.2201,69.62,51,17,1.3
347,Mersing,MY,2021-11-29 03:08:25,2.4312,103.8405,85.95,63,75,6.08
348,Paracuru,BR,2021-11-29 03:08:25,-3.41,-39.0306,82.42,81,53,10.13
349,Jumla,NP,2021-11-29 03:08:26,29.2747,82.1838,51.28,28,4,1.79
350,Burnie,AU,2021-11-29 03:08:26,-41.0667,145.9167,60.85,58,98,6.91
351,Elko,US,2021-11-29 03:08:27,41.0002,-115.5012,33.82,46,8,0.74
352,Laukaa,RU,2021-11-29 03:08:27,58.7372,29.8453,19.35,95,100,7.09
353,Mezhdurechensk,RU,2021-11-29 03:08:27,53.6942,88.0603,18.28,91,100,3.18
354,Dryden,CA,2021-11-29 03:08:28,49.7833,-92.7503,11.55,98,100,1.3
355,Ilulissat,GL,2021-11-29 03:08:28,69.2167,-51.1,21.22,79,100,5.75
356,Sitka,US,2021-11-29 03:08:29,57.0531,-135.33,33.69,69,75,3.44
357,Krasnyy Chikoy,RU,2021-11-29 03:08:29,50.3643,108.7512,14.5,83,94,3.94
358,Canico,PT,2021-11-29 03:08:29,32.6333,-16.85,63.68,67,20,13.8
359,Emba,KZ,2021-11-29 03:08:30,48.8264,58.1442,15.6,86,74,3.27
360,Ongandjera,NA,2021-11-29 03:08:30,-17.8833,15.0667,71.49,39,97,8.1
361,Saint-Augustin,CA,2021-11-29 03:08:30,51.226,-58.6502,33.87,91,93,16.87
362,Salalah,OM,2021-11-29 03:08:31,17.0151,54.0924,78.89,29,0,10.36
363,Margate,GB,2021-11-29 03:08:31,51.3813,1.3862,30.06,84,16,22.12
364,Tuatapere,NZ,2021-11-29 03:08:32,-46.1333,167.6833,63.45,52,4,10.76
365,Amahai,ID,2021-11-29 03:08:32,-3.3333,128.9167,85.8,67,89,6.13
366,Batagay-Alyta,RU,2021-11-29 03:08:32,67.8006,130.4114,-21.01,98,99,3.58
367,Port Hardy,CA,2021-11-29 03:08:33,50.6996,-127.4199,46.58,100,75,3.44
368,Miyako,JP,2021-11-29 03:08:33,39.6367,141.9525,50.92,52,99,3.6
369,Bojnurd,IR,2021-11-29 03:09:34,37.4747,57.329,46.6,51,26,6.71
370,Lambarene,GA,2021-11-29 03:09:34,-0.7001,10.2406,73.76,96,100,2.59
371,Agaro,ET,2021-11-29 03:09:34,7.85,36.65,54.88,71,2,1.88
372,Beyneu,KZ,2021-11-29 03:09:35,45.3167,55.2,34.36,47,18,8.99
373,Kalemie,CD,2021-11-29 03:09:35,-5.9475,29.1947,69.35,80,62,1.61
374,Sainte-Suzanne,RE,2021-11-29 03:09:36,-20.9061,55.6089,77.22,78,20,1.14
375,Tigre,AR,2021-11-29 03:07:50,-34.426,-58.5796,66.2,94,90,10.36
376,Eyl,SO,2021-11-29 03:09:36,7.9803,49.8164,74.07,77,27,13.71
377,Xingyi,CN,2021-11-29 03:09:36,24.1877,102.817,55.18,85,77,3.71
378,Kolyvan,RU,2021-11-29 03:09:37,55.3053,82.7391,13.62,96,100,7.43
379,Nizhniy Kuranakh,RU,2021-11-29 03:09:37,58.8353,125.4869,-0.36,88,82,2.1
380,Bluefield,US,2021-11-29 03:09:38,37.2698,-81.2223,41.04,48,1,11.5
381,Gurkovo,BG,2021-11-29 03:09:38,42.6667,25.8,60.93,88,71,19.44
382,Porto Velho,BR,2021-11-29 03:09:39,-8.7619,-63.9039,75.25,94,20,3.44
383,Ayan,RU,2021-11-29 03:09:39,56.45,138.1667,10.13,61,0,16.44
384,Rio De Janeiro,BR,2021-11-29 03:06:02,-22.9028,-43.2075,73.4,88,0,4.61
385,Waverly,US,2021-11-29 03:09:40,42.7392,-84.6208,34.29,74,20,8.05
386,Koper,SI,2021-11-29 03:09:40,45.5469,13.7294,40.89,87,90,3.44
387,Mildura,AU,2021-11-29 03:05:48,-34.2,142.15,84.16,21,2,8.05
388,Leshukonskoye,RU,2021-11-29 03:09:40,64.8989,45.7622,9.75,94,100,6.64
389,Qaqortoq,GL,2021-11-29 03:09:41,60.7167,-46.0333,36.1,97,100,8.12
390,Vanimo,PG,2021-11-29 03:09:41,-2.6741,141.3028,83.79,79,73,4.21
391,Bambanglipuro,ID,2021-11-29 03:09:42,-7.95,110.2833,83.26,65,100,5.28
392,Oga,IT,2021-11-29 03:09:42,46.4631,10.347,16.34,98,96,4.85
393,Azanka,RU,2021-11-29 03:09:42,58.0401,64.7893,23.02,78,82,9.95
394,Pamekasan,ID,2021-11-29 03:09:43,-7.1568,113.4746,77.14,85,100,8.16
395,Marsh Harbour,BS,2021-11-29 03:05:29,26.5412,-77.0636,72.72,69,86,6.06
396,Mount Isa,AU,2021-11-29 03:09:43,-20.7333,139.5,94.77,17,30,6.91
397,Gwadar,PK,2021-11-29 03:09:44,25.1216,62.3254,73.63,68,0,8.5
398,Roald,NO,2021-11-29 03:09:44,62.5833,6.1333,26.74,93,90,10.36
399,Katherine,AU,2021-11-29 03:09:45,-14.4667,132.2667,98.92,20,40,11.5
400,Balabac,PH,2021-11-29 03:09:45,7.9868,117.0645,83.82,69,100,4.99
401,Hobyo,SO,2021-11-29 03:09:46,5.3505,48.5268,80.76,75,23,15.37
402,Brejo Da Madre De Deus,BR,2021-11-29 03:09:46,-8.1458,-36.3711,70.77,88,73,4.34
403,Noumea,NC,2021-11-29 03:09:46,-22.2763,166.4572,89.58,67,44,16.4
404,Pisco,PE,2021-11-29 03:09:47,-13.7,-76.2167,64.45,82,0,6.91
405,Carmen,MX,2021-11-29 03:09:47,18.6333,-91.8333,77.36,77,95,14.38
406,Tanda,IN,2021-11-29 03:09:48,26.55,82.65,66.99,56,23,4.97
407,Piterka,RU,2021-11-29 03:09:48,50.6803,47.4454,38.01,91,89,9.64
408,Sistranda,NO,2021-11-29 03:09:48,63.7256,8.834,22.96,77,99,13.65
409,Omsukchan,RU,2021-11-29 03:09:49,62.5333,155.8,-8.52,98,100,4.32
410,Torbay,CA,2021-11-29 03:05:30,47.6666,-52.7314,43.74,78,37,17.07
411,Baghdad,IQ,2021-11-29 03:09:12,33.3406,44.4009,53.51,62,0,2.3
412,Kikwit,CD,2021-11-29 03:09:50,-5.041,18.8162,68.11,98,98,2.59
413,Asau,RO,2021-11-29 03:09:50,46.4333,26.4,41.92,83,83,5.79
414,Svetlyy,RU,2021-11-29 03:09:50,54.675,20.1347,33.85,99,100,14.43
415,Antalaha,MG,2021-11-29 03:09:51,-14.9003,50.2788,74.34,84,39,4.43
416,Villa Carlos Paz,AR,2021-11-29 03:10:51,-31.4241,-64.4978,56.48,42,0,4.21
417,Trairi,BR,2021-11-29 03:09:52,-3.2778,-39.2689,80.15,79,65,9.28
418,Mezen,RU,2021-11-29 03:10:52,65.8522,44.24,7.38,91,97,7.34
419,Barinitas,VE,2021-11-29 03:10:52,8.7622,-70.4111,69.84,92,91,5.28
420,Bardiyah,LY,2021-11-29 03:10:53,31.7561,25.0865,72.93,32,100,23.87
421,Sete Lagoas,BR,2021-11-29 03:09:18,-19.4658,-44.2467,70.68,88,70,1.19
422,Bilibino,RU,2021-11-29 03:10:53,68.0546,166.4372,4.93,96,100,1.92
423,Vila Franca Do Campo,PT,2021-11-29 03:10:54,37.7167,-25.4333,59.41,64,94,3.42
424,Sestri Levante,IT,2021-11-29 03:10:54,44.2732,9.3968,44.51,57,1,6.82
425,Pahrump,US,2021-11-29 03:07:26,36.2083,-115.9839,53.65,20,0,1.79
426,Alofi,NU,2021-11-29 03:10:55,-19.0595,-169.9187,78.69,61,75,16.11
427,Zhirnovsk,RU,2021-11-29 03:10:55,50.9845,44.7735,41.54,92,100,9.91
428,Zaraza,VE,2021-11-29 03:10:56,9.3503,-65.3245,73.56,92,67,4.83
429,Maple Creek,CA,2021-11-29 03:10:56,49.9168,-109.4848,53.65,43,58,13.8
430,Constitucion,CL,2021-11-29 03:10:56,-35.3333,-72.4167,53.85,76,0,13.53
431,La Palma,US,2021-11-29 03:10:04,33.8464,-118.0467,72.91,69,1,3.44
432,Hare Bay,CA,2021-11-29 03:10:57,48.8499,-54.0148,41.16,76,98,11.21
433,Alyangula,AU,2021-11-29 03:10:57,-13.8483,136.4192,88.2,52,96,3.98
434,Comodoro Rivadavia,AR,2021-11-29 03:10:58,-45.8667,-67.5,64.26,34,0,31.07
435,Moses Lake,US,2021-11-29 03:10:58,47.1301,-119.2781,55.76,62,20,11.5
436,Contamana,PE,2021-11-29 03:10:59,-7.3333,-75.0167,77.18,75,83,1.83
437,Guerrero Negro,MX,2021-11-29 03:10:59,27.9769,-114.0611,67.6,58,0,8.12
438,Barichara,CO,2021-11-29 03:10:59,6.6357,-73.2228,67.59,93,99,2.59
439,Arrecife,ES,2021-11-29 03:11:00,28.963,-13.5477,64.47,59,0,18.41
440,Marrakesh,MA,2021-11-29 03:11:00,31.6315,-8.0083,44.67,70,0,8.05
441,Padang,ID,2021-11-29 03:11:01,-0.9492,100.3543,86.05,67,94,3.85
442,Havelock,US,2021-11-29 03:11:01,34.8791,-76.9013,51.78,52,100,6.26
443,Pitimbu,BR,2021-11-29 03:07:57,-7.4706,-34.8086,81.19,79,31,10.16
444,Fairbanks,US,2021-11-29 03:11:02,64.8378,-147.7164,-29.24,68,75,0.0
445,Anloga,GH,2021-11-29 03:11:02,5.7947,0.8973,81.48,79,51,9.04
446,Seymchan,RU,2021-11-29 03:11:02,62.8833,152.4333,-16.24,94,100,1.61
447,Yumen,CN,2021-11-29 03:11:03,40.2833,97.2,29.79,25,0,13.47
448,Dingle,PH,2021-11-29 03:11:03,10.9995,122.6711,85.26,72,49,11.23
449,Lixourion,GR,2021-11-29 03:11:04,38.2019,20.4314,61.74,69,89,26.73
450,Luanda,AO,2021-11-29 03:11:04,-8.8368,13.2343,77.14,82,100,6.4
451,Ust-Nera,RU,2021-11-29 03:11:04,64.5667,143.2,-9.44,98,100,3.0
452,Andros Town,BS,2021-11-29 03:11:05,24.7,-77.7667,66.16,73,26,8.01
453,Aracati,BR,2021-11-29 03:11:06,-4.5617,-37.7697,80.15,79,80,9.46
454,Diego De Almagro,CL,2021-11-29 03:11:07,-26.3667,-70.05,61.41,48,0,1.63
455,Verkhnetulomskiy,RU,2021-11-29 03:11:07,68.6073,31.7962,-1.34,99,84,3.42
456,Micco,US,2021-11-29 03:11:08,27.8806,-80.5003,62.65,42,100,5.35
457,Sonoita,MX,2021-11-29 03:11:08,31.85,-112.8333,66.65,24,0,4.97
458,Trinidad,BO,2021-11-29 03:11:09,-14.8333,-64.9,73.56,96,96,4.14
459,Wanning,CN,2021-11-29 03:11:09,18.8003,110.3967,77.07,71,89,17.29
460,Juneau,US,2021-11-29 03:10:39,58.3019,-134.4197,30.2,80,75,0.0
461,Moreira,PT,2021-11-29 03:11:10,41.056,-8.3894,51.42,89,67,7.58
462,Evensk,RU,2021-11-29 03:11:10,61.95,159.2333,16.74,95,100,1.95
463,Dalnegorsk,RU,2021-11-29 03:12:11,44.5604,135.5701,40.86,80,23,12.12
464,Velsk,RU,2021-11-29 03:12:11,61.0701,42.0983,5.79,97,47,3.11
465,Biltine,TD,2021-11-29 03:12:11,14.5333,20.9167,74.34,17,0,10.49
466,Mitsamiouli,KM,2021-11-29 03:12:12,-11.3847,43.2844,79.57,79,19,8.5
467,Kaina,NG,2021-11-29 03:12:12,12.6374,8.5873,67.82,18,67,7.0
468,Salina,US,2021-11-29 03:07:43,38.8403,-97.6114,44.73,57,1,10.36
469,Maceio,BR,2021-11-29 03:07:38,-9.6658,-35.7353,80.04,89,40,2.3
470,Padilla,CO,2021-11-29 03:12:13,3.2204,-76.3139,71.17,94,78,3.22
471,Hamilton,US,2021-11-29 03:08:34,39.1834,-84.5333,33.24,60,1,4.61
472,Ninh Binh,VN,2021-11-29 03:12:14,20.2539,105.975,75.31,51,78,7.49
473,Hovd,MN,2021-11-29 03:12:14,48.0056,91.6419,20.28,31,0,2.04
474,Howard Springs,AU,2021-11-29 03:12:14,-12.497,131.047,93.11,34,96,1.74
475,Mushie,CD,2021-11-29 03:12:15,-3.0167,16.9,71.13,97,91,1.81
476,Rudbar,AF,2021-11-29 03:12:15,30.15,62.6,57.02,30,95,2.73
477,Novikovo,RU,2021-11-29 03:12:15,51.1537,37.8879,44.11,98,100,10.42
478,Teya,RU,2021-11-29 03:12:16,60.3778,92.6267,-3.82,100,73,3.09
479,Mecca,SA,2021-11-29 03:12:15,21.4267,39.8261,73.92,60,0,0.29
480,Zheleznodorozhnyy,RU,2021-11-29 03:12:16,55.7503,38.0042,36.12,91,100,6.6
481,Charters Towers,AU,2021-11-29 03:12:17,-20.1,146.2667,88.03,46,99,11.48
482,La Ronge,CA,2021-11-29 03:12:17,55.1001,-105.2842,26.85,68,100,5.75
483,Sicuani,PE,2021-11-29 03:12:18,-14.2694,-71.2261,46.26,88,92,1.72
484,Zinder,NE,2021-11-29 03:12:18,13.8072,8.9881,69.67,17,96,9.55
485,Knysna,ZA,2021-11-29 03:12:19,-34.0363,23.0471,64.78,87,69,3.47
486,Kamaishi,JP,2021-11-29 03:12:19,39.2667,141.8833,50.56,55,95,8.68
487,Muros,ES,2021-11-29 03:12:19,42.7762,-9.0603,52.3,83,100,12.24
488,Zomin,UZ,2021-11-29 03:12:20,39.9606,68.3958,41.99,45,0,2.08
489,Bogale,MM,2021-11-29 03:08:06,16.2833,95.4,79.86,69,79,9.73
490,Aasiaat,GL,2021-11-29 03:12:20,68.7098,-52.8699,17.76,85,100,9.62
491,Nayagarh,IN,2021-11-29 03:12:21,20.1333,85.1,69.24,50,18,3.47
492,Parkes,AU,2021-11-29 03:12:21,-33.1333,148.1833,71.71,63,88,3.89
493,Chaman,PK,2021-11-29 03:12:22,30.9236,66.4512,51.3,43,99,4.34
494,Shiyan,CN,2021-11-29 03:12:22,32.6475,110.7781,51.85,45,100,16.33
495,Kiama,AU,2021-11-29 03:11:16,-34.6833,150.8667,67.08,63,25,8.48
496,General Roca,AR,2021-11-29 03:12:23,-39.0333,-67.5833,72.0,19,13,10.92
497,Sur,OM,2021-11-29 03:12:23,22.5667,59.5289,73.35,58,4,5.64
498,Kerema,PG,2021-11-29 03:12:24,-7.9631,145.7785,85.35,66,42,7.58
499,Xai-Xai,MZ,2021-11-29 03:12:24,-25.0519,33.6442,67.55,74,3,9.8
500,Svarstad,NO,2021-11-29 03:12:24,59.399,9.9698,21.09,75,100,3.62
501,Klyuchi,RU,2021-11-29 03:12:25,52.2667,79.1667,13.86,83,99,7.54
502,Ouadda,CF,2021-11-29 03:12:25,8.0777,22.4007,72.3,30,94,5.03
503,Yar-Sale,RU,2021-11-29 03:12:26,66.8333,70.8333,1.51,91,100,12.77
504,Makakilo City,US,2021-11-29 03:12:26,21.3469,-158.0858,77.32,63,75,9.22
505,Onega,RU,2021-11-29 03:12:26,63.9061,38.1404,10.31,93,100,4.47
506,Santiago,CL,2021-11-29 03:09:48,-33.4569,-70.6483,67.15,37,0,5.75
507,Srednekolymsk,RU,2021-11-29 03:12:27,67.45,153.6833,-28.73,97,100,7.27
508,Caconda,AO,2021-11-29 03:12:28,-13.7333,15.0667,59.85,92,99,2.68
509,Kargil,IN,2021-11-29 05:25:26,34.5667,76.1,16.25,51,0,1.23
510,Barkhan,PK,2021-11-29 05:24:08,29.8977,69.5256,63.03,22,1,2.3
511,Gamba,GA,2021-11-29 05:25:26,-2.65,10.0,75.85,91,96,5.88
512,Tofield,CA,2021-11-29 05:25:27,53.3668,-112.6686,38.52,81,98,12.1
513,Foca,TR,2021-11-29 05:25:27,38.6703,26.7566,73.24,65,84,34.61
514,Belmonte,BR,2021-11-29 05:25:28,-15.8631,-38.8828,75.7,87,98,13.18
515,Storforshei,NO,2021-11-29 05:25:28,66.4043,14.5233,4.78,85,75,2.3
516,Ogbomosho,NG,2021-11-29 05:25:29,8.133,4.25,71.55,98,75,1.72
517,Cayenne,GF,2021-11-29 05:25:29,4.9333,-52.3333,75.24,100,20,2.3
518,Agirish,RU,2021-11-29 05:25:30,61.9247,63.0231,24.69,92,100,10.0
519,Mahajanga,MG,2021-11-29 05:25:30,-15.7167,46.3167,78.82,89,75,5.75
520,Tanabe,JP,2021-11-29 05:25:31,33.7333,135.3667,60.01,51,40,5.75
521,Swan River,CA,2021-11-29 05:25:31,52.1058,-101.2676,21.09,86,100,4.61
522,Manggar,ID,2021-11-29 05:25:31,-2.8833,108.2667,83.05,73,100,7.49
523,Lompoc,US,2021-11-29 05:25:32,34.6391,-120.4579,52.11,69,1,4.61
524,Sioux Lookout,CA,2021-11-29 05:25:32,50.1001,-91.917,21.58,99,94,2.24
525,Zacatecoluca,SV,2021-11-29 05:25:33,13.5,-88.8667,77.18,68,0,6.71
526,Port Blair,IN,2021-11-29 05:25:33,11.6667,92.75,84.42,70,29,13.8
527,Kalakamati,BW,2021-11-29 05:25:34,-20.5929,27.3121,74.97,47,91,11.88
528,Kajaani,FI,2021-11-29 05:25:34,64.2273,27.7285,10.78,89,100,4.23
529,Calama,CL,2021-11-29 05:25:35,-22.4667,-68.9333,52.38,36,0,4.18
530,Hirado,JP,2021-11-29 05:25:35,33.3597,129.5531,61.95,63,8,8.21
531,Sinnamary,GF,2021-11-29 05:25:36,5.3833,-52.95,76.78,90,94,7.2
532,Kainantu,PG,2021-11-29 05:25:36,-6.2887,145.8655,77.9,49,98,5.68
533,Yenotayevka,RU,2021-11-29 05:25:37,47.2456,47.0281,40.73,94,77,10.45
534,Bridlington,GB,2021-11-29 05:22:55,54.0831,-0.1919,33.73,74,93,15.48
535,Concordia,AR,2021-11-29 05:23:09,-31.393,-58.0209,61.27,86,39,10.94
536,Marienburg,PL,2021-11-29 05:25:37,54.0359,19.0266,35.26,100,100,11.45
537,Road Town,VG,2021-11-29 05:25:38,18.4167,-64.6167,77.09,75,9,14.23
538,Melo,UY,2021-11-29 05:25:38,-32.3667,-54.1833,60.91,96,75,13.44
539,Nago,JP,2021-11-29 05:25:39,26.5881,127.9761,73.56,67,100,16.02
540,Ewa Beach,US,2021-11-29 05:25:39,21.3156,-158.0072,75.15,72,75,4.61
541,Victor Harbor,AU,2021-11-29 05:25:39,-35.5667,138.6167,82.49,42,0,7.0
542,Sao Gabriel Da Cachoeira,BR,2021-11-29 05:25:40,-0.1303,-67.0892,72.73,99,100,1.03
543,Kendari,ID,2021-11-29 05:25:40,-3.945,122.4989,82.47,76,97,3.02
544,Namtsy,RU,2021-11-29 05:25:41,62.7161,129.6658,-7.49,99,100,1.21
545,Yairipok,IN,2021-11-29 05:25:41,24.6667,94.0667,69.66,50,65,1.86
546,Apt,FR,2021-11-29 05:25:41,43.8833,5.4,37.04,75,60,16.04
547,Umm Lajj,SA,2021-11-29 05:25:42,25.0213,37.2685,82.65,34,60,14.7
548,Coahuayana,MX,2021-11-29 05:25:42,18.7333,-103.6833,72.09,83,0,4.23
549,Ust-Koksa,RU,2021-11-29 05:25:43,50.2696,85.6108,19.0,79,15,1.25
550,Baykit,RU,2021-11-29 05:25:43,61.67,96.37,3.09,91,97,7.05
551,Yinchuan,CN,2021-11-29 05:25:43,38.4681,106.2731,32.95,27,21,8.03
552,Banda Aceh,ID,2021-11-29 05:25:44,5.5577,95.3222,81.48,74,96,3.94
553,Ardatov,RU,2021-11-29 05:26:44,55.2421,43.097,34.41,100,100,6.89
554,Mahina,PF,2021-11-29 05:26:45,-17.5065,-149.489,76.77,88,75,9.22
555,Lively,CA,2021-11-29 05:26:45,46.4334,-81.1498,23.81,98,91,2.04
556,Youghal,IE,2021-11-29 05:26:45,51.95,-7.8506,43.81,89,100,3.2
557,Lake Havasu City,US,2021-11-29 05:23:23,34.4839,-114.3224,68.0,14,1,6.91
558,Emerald,AU,2021-11-29 05:26:46,-23.5333,148.1667,73.54,100,90,8.05
559,Shahr-E Babak,IR,2021-11-29 05:26:46,30.1165,55.1186,52.45,47,49,8.03
560,Redwater,US,2021-11-29 05:26:47,33.3582,-94.2544,48.49,72,0,3.51
561,Kalmunai,LK,2021-11-29 05:26:47,7.4167,81.8167,81.07,81,100,13.53
562,Smidovich,RU,2021-11-29 05:26:48,48.6,133.8167,19.2,87,53,9.01
563,Bilma,NE,2021-11-29 05:26:48,18.6853,12.9164,70.48,19,58,6.13
564,Colares,PT,2021-11-29 05:26:49,38.7992,-9.4469,56.88,78,35,20.13
565,Totness,SR,2021-11-29 05:25:19,5.8833,-56.3167,77.16,84,44,8.19
566,Batsfjord,NO,2021-11-29 05:26:49,70.6345,29.7185,14.5,88,90,16.37
567,Cedar City,US,2021-11-29 05:26:50,37.6775,-113.0619,34.77,55,1,0.0
